source_platform,source_item_id,source_url,text_hash,first_seen_at_utc
reddit,1odo72z,https://www.reddit.com/r/complaints/comments/1odo72z/the_us_is_already_at_the_point_of_no_return/,d73023ccb22214e17205f5c13a9aa535b18afa838eed8a01b9f55479b27aa848,2026-05-03T10:41:51.818987Z
reddit,1pc3704,https://www.reddit.com/r/CapitalismVSocialism/comments/1pc3704/debunking_anticapitalist_lies_that_have_been/,43a0cf0ffe8baf00ccc0a54fdeaf698850f56a775248a8083dc16e21b5473e4e,2026-05-03T10:42:15.993015Z
reddit,1syfqdl,https://www.reddit.com/r/Philippines/comments/1syfqdl/wed_29_april_2026_front_page_for_philippine/,5178cdfb55e737fe83e0fa9d5b2a91f875eae270a2d06df76d4a4cb4ed8d1e83,2026-05-03T10:42:26.563221Z
reddit,1skpky4,https://www.reddit.com/r/Philippines/comments/1skpky4/tue_14_april_2026_front_page_for_philippine/,5178cdfb55e737fe83e0fa9d5b2a91f875eae270a2d06df76d4a4cb4ed8d1e83,2026-05-03T10:42:28.959051Z
reddit,1sjvocj,https://www.reddit.com/r/Philippines/comments/1sjvocj/our_home_turf_shouldnt_feel_this_unsafe/,b29d0874fb7a27e576e35470e302a065fd1db158f8a8f3ca93840000727b305b,2026-05-03T10:42:31.347067Z
reddit,1sezkmu,https://www.reddit.com/r/Philippines/comments/1sezkmu/filipinos_dont_hate_taxes_they_hate_paying/,52e17d0974d49f644b5e9b20051a2768779f3c32f07c462dac438380379aa3c7,2026-05-03T10:42:33.697425Z
reddit,1s0f69b,https://www.reddit.com/r/Philippines/comments/1s0f69b/while_this_is_a_moral_issue_it_also_is_a_health/,767354a58e411290cb6d38a341e70bf20706d76db95632aec958436b127d0fbd,2026-05-03T10:42:36.945193Z
reddit,1r7mgq4,https://www.reddit.com/r/Philippines/comments/1r7mgq4/wed_18_feb_2026_front_page_for_national_and/,1b23e03c30513aaf7ac89d8c023fead400ed1570f9ff188469e08107a85655bd,2026-05-03T10:42:42.318914Z
reddit,1r2bpib,https://www.reddit.com/r/Philippines/comments/1r2bpib/thu_12_feb_2026_front_page_for_national_and/,1b23e03c30513aaf7ac89d8c023fead400ed1570f9ff188469e08107a85655bd,2026-05-03T10:42:44.698632Z
reddit,1qqfki1,https://www.reddit.com/r/Philippines/comments/1qqfki1/the_2026_budgets_antiepal_rules_are_still_a_joke/,88fb3078a97f777929bb9a6b67b0fa90b96eebbdb07151c3688b2c4964cca5c9,2026-05-03T10:42:47.077930Z
reddit,1qps13t,https://www.reddit.com/r/Philippines/comments/1qps13t/thu_29_jan_2026_front_page_for_national_and/,1b23e03c30513aaf7ac89d8c023fead400ed1570f9ff188469e08107a85655bd,2026-05-03T10:42:49.413488Z
reddit,1pzm1le,https://www.reddit.com/r/Philippines/comments/1pzm1le/2025_is_about_to_end_and_until_now_theres_still/,23795abe19249d86797d7551479c6f624c823de4f01b754d79e8ca1e05695afb,2026-05-03T10:42:51.767311Z
reddit,1sm4as5,https://www.reddit.com/r/Philippines/comments/1sm4as5/dds_mentality_is_honestly_getting_scary_at_this/,cb3e88c788c5d96527a412b4216357c646bc1e9e9ec78f92b7b06d7099edbfc2,2026-05-03T10:42:54.963510Z
reddit,1rg2w6n,https://www.reddit.com/r/Philippines/comments/1rg2w6n/use_of_artificial_intelligence_in_philippine/,f9b8dde7d1303075ad342863c0c5ed7420b560df9c170f8c2cc91f5d1dc71bf8,2026-05-03T10:42:57.461705Z
reddit,1pjbyf7,https://www.reddit.com/r/Philippines/comments/1pjbyf7/what_if_theres_an_fb_page_that_spreads_correct/,55410dbdd1731f7431abafbbcfeae628b23b9bef9174340edf50abf3975f1c61,2026-05-03T10:43:02.451723Z
reddit,1pagsko,https://www.reddit.com/r/Philippines/comments/1pagsko/demolition_job_for_leni_has_begun/,f1e9f919a979a694f42acaf74ac8b04238d4f84a6499af1ae6bafba5bb8dba15,2026-05-03T10:43:04.793526Z
reddit,1ow4kjb,https://www.reddit.com/r/Philippines/comments/1ow4kjb/philhealth_ischemic_stroke_coverage/,f86670f020cbf0a23c5e6f23411d0bde696128c36ac51b64607284f08d737681,2026-05-03T10:43:07.204164Z
reddit,1oovglm,https://www.reddit.com/r/Philippines/comments/1oovglm/official_response_from_maidproviderph/,e4db6c40c661c3de05c35d931ec1af9d06178042af114f020a2144a5f44bfc15,2026-05-03T10:43:09.545825Z
reddit,1o0hvwt,https://www.reddit.com/r/Philippines/comments/1o0hvwt/best_thing_each_philippine_president_has_ever/,69f2eec64fdec8487184a3a7f4081a803937d76858b2117254f7ed3c914a5f1e,2026-05-03T10:43:11.887603Z
reddit,1nqtnxs,https://www.reddit.com/r/Philippines/comments/1nqtnxs/the_case_of_the_neopersonnel_and_incompetent/,e8e73cd0390516067de89d434f0fbcf1caf44bb3db0858ba14f73046c04f8697,2026-05-03T10:43:14.299456Z
reddit,1lbhr9y,https://www.reddit.com/r/Philippines/comments/1lbhr9y/ai_is_the_new_tool_for_political_manipulation/,d81bb23128f54af98ca20a969ab92bfea5929670e6118e995ab3ac1dfe345797,2026-05-03T10:43:17.103335Z
reddit,1t2i0ta,https://www.reddit.com/r/tozenLabs/comments/1t2i0ta/welcome_to_tozenlabs/,dd5f43ed535f74ebf9199fd2c0d6981379ed7329c30694b0179df8a670fde162,2026-05-03T10:43:20.386167Z
reddit,1t2i0ag,https://www.reddit.com/r/saasbuild/comments/1t2i0ag/built_a_secure_file_delivery_tool_and_looking_for/,7d6c36f49c2b69832b253b974a1b575e3380f1538867e3ef330c46c466b9c1b1,2026-05-03T10:43:22.702046Z
reddit,1t2hxzg,https://www.reddit.com/r/boardgames/comments/1t2hxzg/weekly_crowdfunding_roundup_may_3_2026_30_ending/,6a6de199c312128ebda40096359d81298f9b3e3e1dc81e81115010123c9a70f0,2026-05-03T10:43:25.010149Z
reddit,1t2hvcu,https://www.reddit.com/r/VerminOfTheInternet/comments/1t2hvcu/the_ai_detector_racket_how_to_sell_someone_a/,9e13f86ea051ed8f2380a9abc9dbe50a61145f49a2687c7ffeafa132a7791bb5,2026-05-03T10:43:27.575863Z
reddit,1t2huy5,https://www.reddit.com/r/vibecoding/comments/1t2huy5/uk_aisi_says_gpt55_completed_a_32step_corporate/,bf2e98a95e093ace764d1418c00127f1b579b4085194e37ae796f8ca02977926,2026-05-03T10:43:29.891227Z
reddit,1t2hqxr,https://www.reddit.com/r/LangChain/comments/1t2hqxr/i_built_a_unified_api_gateway_for_chinese_llms/,a7ec40853b8a4075359a4ed2efbd23a875d360388b3cb496e57f7e17c4383195,2026-05-03T10:43:32.205600Z
reddit,1t2hqcz,https://www.reddit.com/r/takemysurvey/comments/1t2hqcz/academic_12_need_some_people_to_answer_some/,341afd51d2db6754a56ef02d6c5629447472bb578080215a634c9f92566e84a0,2026-05-03T10:43:34.618123Z
reddit,1t2hnp3,https://www.reddit.com/r/bangkokthaisurgery/comments/1t2hnp3/revision_surgery_using_ppv_technique_advanced/,8d3c32c4df6ce0d0645fae43ba59c2f2d594f7d854bb84774f783e89c3e1d332,2026-05-03T10:43:37.293885Z
reddit,1t2hmqm,https://www.reddit.com/r/UKPersonalFinance/comments/1t2hmqm/large_dmp_should_i_used_stepchanges_settlement/,5e90a2123e141d0d46453a04284ea5f9b4154fe1b84ecf401ba43da2f8a47724,2026-05-03T10:43:39.637376Z
reddit,1t2hmn3,https://www.reddit.com/r/vibecoding/comments/1t2hmn3/zig_banned_ai_contributions_the_reasoning_is_not/,ead895b21eb9a220f48f3a59e8917336ae08ea4fb95885bbba243071e7d0979e,2026-05-03T10:43:41.946104Z
reddit,1t2hlz7,https://www.reddit.com/r/topcompaniesUS/comments/1t2hlz7/top_ehr_integration_companies_in_the_usa/,d02bd18eb7841d4334a856ee94983205972e372ba956d0a4af348c6d6a02f674,2026-05-03T10:43:45.286625Z
reddit,1t2h6tj,https://www.reddit.com/r/remotebackendjobs/comments/1t2h6tj/actively_looking_for_fullstack_internship/,a13d4c45a2eed6c5f7af6377dbc370d11cd822b16a96da2d7adca2ab0b46ff7a,2026-05-03T10:43:47.607977Z
reddit,1t2h62m,https://www.reddit.com/r/u_VA-Connect/comments/1t2h62m/contract_review_delays_vaconnect_streamlines/,e465495c4b1466bd5232f8142542a150c13e879276dd46d60a6233f0ff2e42d7,2026-05-03T10:43:49.925908Z
reddit,1t2h05g,https://www.reddit.com/r/Osho/comments/1t2h05g/a_new_digital_archive_to_search_oshos_words_pure/,459adc462e777c4d521d752ac8c43caf67ab3f1c2734a3311dc5fb8df38aebe3,2026-05-03T10:43:52.489086Z
reddit,1t2fof3,https://www.reddit.com/r/MCAS/comments/1t2fof3/i_finally_got_anhedonia_and_mcas_into_permanent/,0cb136d63fd26702a2a85806246af8c8db958977a0d12fb4bab9d1779876759a,2026-05-03T10:43:54.850179Z
reddit,1t2fj6u,https://www.reddit.com/r/quantumhorizon/comments/1t2fj6u/ai_vs_ai_the_new_front_of_cyber_warfare_in/,1825525536646a176ac903339b788c2e192d5be640f2ba3d77de18d205cfd212,2026-05-03T10:43:57.231599Z
reddit,1t2f1ca,https://www.reddit.com/r/u_Economy_Winner_1957/comments/1t2f1ca/elevating_your_business_in_the_digital_era_a/,34866b5890e6c553515546c4420d12e18a3710a7c12d88cfc5d635c30ffc52e0,2026-05-03T10:43:59.570975Z
reddit,1t2dbao,https://www.reddit.com/r/u_Ill_Custard_5016/comments/1t2dbao/viral_motherson_photo_falsely_linked_to_jabalpur/,b7e6f7f249299257518141f48716eba16170bb1889137a5d8cd40c7bc9b0dcae,2026-05-03T10:44:01.902939Z
reddit,1t2d630,https://www.reddit.com/r/medicalAIjobs/comments/1t2d630/flexible_nonclinical_role_cardiologist_ai_medical/,75c3b2a5b57a54222a4176602663b1e0cbc6a9db9af0082ca375d2faff1f8e9e,2026-05-03T10:44:04.240025Z
reddit,1t2d2fz,https://www.reddit.com/r/PostAI/comments/1t2d2fz/googles_new_ai_could_change_healthcare_forever/,cb68738b8ff90ba59b6b01d56363bff988732866b3b48989a9e7d81815edbbef,2026-05-03T10:44:06.564830Z
youtube,GqAx2Kt0YoI,https://www.youtube.com/watch?v=GqAx2Kt0YoI,7f8b957ba2e841273543876747c501054704ec2a7cac51957fcef7cd756982a9,2026-05-03T10:48:41.272347Z
youtube,uvqDTbusdUU,https://www.youtube.com/watch?v=uvqDTbusdUU,44bf47f5c8aa5db5fb3022fcb19cbf9c02ea5925f436f103d990c5421e7bf75b,2026-05-03T10:48:43.788322Z
youtube,SCJnwT-h7Aw,https://www.youtube.com/watch?v=SCJnwT-h7Aw,f1fa197cf182f8b0d60867f0b5e94a22fbd04606b3ec614c22baa2aab3d90820,2026-05-03T10:48:50.953359Z
youtube,3PbEgLw6lJ0,https://www.youtube.com/watch?v=3PbEgLw6lJ0,d44a94c63410acbb3c498fb882d966a6d03b54bacfac93179197cb7f198b9513,2026-05-03T10:48:53.190655Z
youtube,M6CUeQm4G-U,https://www.youtube.com/watch?v=M6CUeQm4G-U,ad25167d217c4c23c73cf0d029a48ccdc4d6b363078e4fffbb5d63d52b103c81,2026-05-03T10:48:55.735549Z
youtube,KGl076xkxG4,https://www.youtube.com/watch?v=KGl076xkxG4,11eec03f804801e0f5206ca0f27de692230b5618b3fd79eaf9c40be726888fa6,2026-05-03T10:48:57.952453Z
youtube,BtxZhTlbrj0,https://www.youtube.com/watch?v=BtxZhTlbrj0,a5e1b18850e265bbb876f56734770835310e67e4bdb33b1e5a1477187dbcff96,2026-05-03T10:49:00.134455Z
youtube,pjU6TzxBE58,https://www.youtube.com/watch?v=pjU6TzxBE58,99f559fd625e335820f15858d54c774c21cacccada219384ed6469c2c91ed77e,2026-05-03T10:49:02.316339Z
youtube,wD1qn2i3Wb4,https://www.youtube.com/watch?v=wD1qn2i3Wb4,a709a86a59988b5c835230ab8f3542dcf6f37089c378d838f779b89413696a8e,2026-05-03T10:49:04.417506Z
youtube,rkwPwxawg68,https://www.youtube.com/watch?v=rkwPwxawg68,467c3e2e4415168fb4f6bdec1d0712d60bf20f9c6936bb4c5fddf6d7b02b0a1b,2026-05-03T10:49:06.529481Z
youtube,B8T-vECHheI,https://www.youtube.com/watch?v=B8T-vECHheI,8d2fecb411bae4281616f0a1401a08a926dc333e954de34424868c62b780afad,2026-05-03T10:49:09.455030Z
youtube,VvEo5k8OYy8,https://www.youtube.com/watch?v=VvEo5k8OYy8,aafeca8ac6d5d1ec586917b316626d353f45577b363e591f9fb071aa68b921cb,2026-05-03T10:49:16.187803Z
youtube,if1U_LLRjRM,https://www.youtube.com/watch?v=if1U_LLRjRM,4f0a4b49761d5e7fb51935f2dedfe68f9f945ec785d00f6ee773d0ac6ea29322,2026-05-03T10:49:18.303424Z
youtube,WudDtPy-3TY,https://www.youtube.com/watch?v=WudDtPy-3TY,11ef1a36d997b4d2448bb77273efd578bdc56066a9317aa05918868bb087f4b2,2026-05-03T10:49:20.544903Z
youtube,4ODfGsiTBwk,https://www.youtube.com/watch?v=4ODfGsiTBwk,fcb1237b6b2c199c3c8f9fb75501332c174c50705304c7f4366451357a1574d0,2026-05-03T10:49:23.072242Z
youtube,ZM-JaTIWQnc,https://www.youtube.com/watch?v=ZM-JaTIWQnc,e9c553b281d1814360871124a7753387a8130b18feb65ab2fa5ba0446c9bf771,2026-05-03T10:49:25.188151Z
youtube,ln_-6wYCv_Q,https://www.youtube.com/watch?v=ln_-6wYCv_Q,b88f0229fbac8d215dc114cc56180da30eec6e4ba4a84e211259cc4aa40777b9,2026-05-03T10:49:28.376434Z
youtube,Ou4VUdQ9vOg,https://www.youtube.com/watch?v=Ou4VUdQ9vOg,6845beeddc1dd9f047a25d93a5c90b110d576dd0e4d3735f60f6744a4742d3ac,2026-05-03T10:49:30.474451Z
